EMAIL,NAME,LAST_NAME,TEL,CITY,PASSWORD
I.Abramov@companyname.com,Ivan,Abramov,7776514,Moscow,YwedkinG
A.Nikolaev@companyname.com,Alexei,Nikolaev,1348520,Moscow,msMV-xA2
D.Vasilyev@companyname.com,Dmitri,Vasilyev,0,Kazan,H*5VW9ey
A.Grigoryan@companyname.com,Anastasia,Grigoryan,1928421,Yekaterinburg,3nr9UBo;
A.Lisitsyn@companyname.com,Alexei,Lisitsyn,1239532,Tver,SqH9rWKj
D.Abramova@companyname.com,Daria,Abramova,7163908,Moscow,Mza;wyEX
N.Kostina@companyname.com,Natalia,Kostina,9031433,Moscow,LEogyXdY
N.Ermolin@companyname.com,Nikolai,Ermolin,8539233,Saint petersburg,28MsJvuE
V.Solovovo@companyname.com,Vladimir,Solovovo,4758395,Saint petersburg,/lA3OUIp
V.Ivanov@companyname.com,Vladimir,Ivanov,4827594,Novosibirsk,VHfjSh9M
S.Nikolaev@companyname.com,Sergey,Nikolaev,1294375,Sarov,MARUPlBj
I.Ivanov@companyname.com,Ivan,Ivanov,8532354,Kazan,;KhEd^f-
K.Semenov@companyname.com,Konstantin,Semenov,8532286,Moscow,te2/jTSO
G.Smirnov@companyname.com,Grigori,Smirnov,3249235,Kaliningrad,R2xUD0XS
A.Lashko@companyname.com,Alexander,Lashko,9548324,Saint petersburg,50*l/9yC
O.Edger@companyname.com,Oxana,Edger,8548433,Kostroma,0N3B;m9l
O.Bogomolova@companyname.com,Olga,Bogomolova,8953253,Moscow,1HM_tjXx
Y.Strizh@companyname.com,Yevgeniya,Strizh,1123313,Krasnodar,AFE9B4ob
P.Volskaya@companyname.com,Polina,Volskaya,1394542,Vladimir,D;o3tPkc
F.Malinin@companyname.com,Fiodor,Malinin,9453223,Moscow,gE/Z;hIc
O.Pahomova@companyname.com,Olga,Pahomova,8543231,Moscow,oa6XzyiJ
S.Bogdanov@companyname.com,Stepan,Bogdanov,4564624,Saint petersburg,_i3HyVFx
I.Sobolev@companyname.com,Ivan,Sobolev,2350223,Kirov,^Ba_vnAO
K.Orlova@companyname.com,Kristina,Orlova,1342349,Balakhna,O1KixWh3
A.Ermolin@companyname.com,Alexander,Ermolin,2345234,Mozhaysk,BGQL6Vky
Y.Vasilevskaya@companyname.com,Yekaterina,Vasilevskaya,9583573,Moscow,75IyCZiz
T.Koroleva@companyname.com,Tatiana,Koroleva,8674532,Vidnoye,li9JzUy1
E.Moskvina@companyname.com,Elena,Moskvina,7584294,Moscow,u4JNfed-
M.Sinev@companyname.com,Mikhail,Sinev,5964353,Saint petersburg,duNBRcni
N.Noname@companyname.com,Nonna,Noname,2856735,Kaliningrad,RgNmnP23
A.Boshich@companyname.com,Anastasia,Boshich,9654534,Omsk,39B*cPap
O.Dfjsdn@companyname.com,Olga,Dfjsdn,8733253,Moscow,HvsG81lR
S.Kapustina@companyname.com,Svetlana,Kapustina,9476353,Moscow,g2LdiH5D
B.Nikolaev@companyname.com,Boris,Nikolaev,9583583,Moscow,w1FS7NX_
A.Mozgvin@companyname.com,Andrei,Mozgvin,8537572,Krasnodar,UOit*cBH
O.Bogatyreva@companyname.com,Oxana,Bogatyreva,8743565,Saint petersburg,_HOQbEf;
X.Nosatenko@companyname.com,Xenia,Nosatenko,1234194,Yaroslavl,GPH04D7q
K.Grigoriev@companyname.com,Konstantin,Grigoriev,1284575,Moscow,q1xa^3Zh
A.Kabara@companyname.com,Alexei,Kabara,5436124,Moscow,Yi*A0D9T
T.Movtun@companyname.com,Tamara,Movtun,2367981,Gorno-altaysk,4Q/zFkBl
D.Stavorov@companyname.com,Denis,Stavorov,8769090,Moscow,unsBAeVk
T.Golovnuk@companyname.com,Tatiana,Golovnuk,5436789,Saint petersburg,37La8E92
A.Savelievv@companyname.com,Alexei,Savelievv,5456787,Omsk,gq-a197y
A.Eermolina@companyname.com,Alexandra,Eermolina,3458723,Volgograd,_a*QAFGY
O.Belova@companyname.com,Olga,Belova,5555555,Izhevsk,4fVamJBc
K.Kamaev@companyname.com,Kirill,Kamaev,1234567,Moscow,7Mc_bxfn
